<?xml version="1.0" encoding="UTF-8"?>
<project-private xmlns="http://www.netbeans.org/ns/project-private/1">
    <editor-bookmarks xmlns="http://www.netbeans.org/ns/editor-bookmarks/2" lastBookmarkId="0"/>
    <open-files xmlns="http://www.netbeans.org/ns/projectui-open-files/2">
        <group>
            <file>file:/Users/megancarlton/Desktop/Car%20Rental%20Phase%201/src/car/rental/phase/pkg1/PerDayRental.java</file>
            <file>file:/Users/megancarlton/Desktop/Car%20Rental%20Phase%201/src/car/rental/phase/pkg1/Vehicle.java</file>
            <file>file:/Users/megancarlton/Desktop/Car%20Rental%20Phase%201/src/car/rental/phase/pkg1/Service.java</file>
            <file>file:/Users/megancarlton/Desktop/Car%20Rental%20Phase%201/src/car/rental/phase/pkg1/Main.java</file>
            <file>file:/Users/megancarlton/Desktop/Car%20Rental%20Phase%201/src/car/rental/phase/pkg1/car_rental_form.java</file>
            <file>file:/Users/megancarlton/Desktop/Car%20Rental%20Phase%201/src/car/rental/phase/pkg1/FuelPurchase.java</file>
            <file>file:/Users/megancarlton/Desktop/Car%20Rental%20Phase%201/src/car/rental/phase/pkg1/Journey.java</file>
            <file>file:/Users/megancarlton/Desktop/Car%20Rental%20Phase%201/src/car/rental/phase/pkg1/PerKmRental.java</file>
        </group>
    </open-files>
</project-private>
